36179VQR4,MA6764,G2SF,Jul-20,"2,046",2.0,2.590,2,353
3617N3Z74,BU2566,G2SF,Jun-20,12,2.0,2.457,4,355
36179VNZ9,MA6708,G2SF,Jun-20,418,2.0,2.677,4,351
36179VMB3,MA6654,G2SF,May-20,152,2.0,2.551,5,349
36179VKJ8,MA6597,G2SF,Apr-20,63,2.0,2.710,5,354
3617K3JG5,BN0263,G2SF,Jul-20,11,2.5,2.754,2,347
3617NY7M4,BW7200,G2SF,Jul-20,20,2.5,2.815,2,356
3617NTYV5,BW2524,G2SF,Jul-20,15,2.5,2.834,2,356
3617NTYW3,BW2525,G2SF,Jul-20,20,2.5,2.843,2,353
3617NV7D0,BW4492,G2SF,Jul-20,12,2.5,2.858,2,347
3617NTXC8,BW2475,G2SF,Jul-20,10,2.5,2.861,2,358
3617NY6Q6,BW7179,G2SF,Jul-20,15,2.5,2.866,2,356
3617N56H9,BU4472,G2SF,Jul-20,11,2.5,2.868,2,358
3617NRT52,BW0572,G2SF,Jul-20,10,2.5,2.874,2,357
3617NV7C2,BW4491,G2SF,Jul-20,10,2.5,2.891,2,349
3617NATL4,BU8655,G2SF,Jul-20,100,2.5,2.897,2,357
36179VQS2,MA6765,G2SF,Jul-20,"33,875",2.5,2.898,2,353
3617NAR51,BU8608,G2SF,Jul-20,10,2.5,2.903,2,358
3617NY6S2,BW7181,G2SF,Jul-20,10,2.5,2.915,2,357
3617NMFW9,BV7381,G2SF,Jul-20,9,2.5,2.915,2,358
3617NASB7,BU8614,G2SF,Jul-20,10,2.5,2.921,2,358
3617NATU4,BU8663,G2SF,Jul-20,50,2.5,2.922,2,358
3617NMFX7,BV7382,G2SF,Jul-20,12,2.5,2.922,2,356
3617NF4S5,BV2633,G2SF,Jul-20,15,2.5,2.923,2,358
3617NRT45,BW0571,G2SF,Jul-20,9,2.5,2.927,2,358
3617NASR2,BU8628,G2SF,Jul-20,101,2.5,2.931,2,357
3617N55U1,BU4459,G2SF,Jul-20,14,2.5,2.942,2,358
3617NWSU7,BW5031,G2SF,Jul-20,10,2.5,2.945,2,358
3617NARS1,BU8597,G2SF,Jul-20,99,2.5,2.947,2,357
3617NARX0,BU8602,G2SF,Jul-20,15,2.5,2.955,2,358
3617NARJ1,BU8589,G2SF,Jul-20,15,2.5,2.955,2,357
3617NALC2,BU8423,G2SF,Jul-20,20,2.5,2.956,2,358
3617NWS94,BW5044,G2SF,Jul-20,51,2.5,2.958,2,357
3617NASS0,BU8629,G2SF,Jul-20,10,2.5,2.963,2,358
3617NWST0,BW5030,G2SF,Jul-20,10,2.5,2.975,2,358
3617N7LP0,BU5734,G2SF,Jul-20,50,2.5,2.976,2,357
3617NLQK5,BV6758,G2SF,Jul-20,9,2.5,2.991,2,358
3617NLWZ5,BV6964,G2SF,Jul-20,10,2.5,2.993,2,358
3617N7LT2,BU5738,G2SF,Jul-20,10,2.5,3.005,2,357
3617NJWE7,BV5145,G2SF,Jul-20,9,2.5,3.025,2,358
3617NWSQ6,BW5027,G2SF,Jul-20,10,2.5,3.027,2,356
3617NRJ95,BW0288,G2SF,Jul-20,38,2.5,3.140,2,358
3617NJG96,BV4724,G2SF,Jul-20,23,2.5,3.157,2,358
3617NRGS6,BW0209,G2SF,Jul-20,12,2.5,3.160,2,358
3617NATR1,BU8660,GNSF,Jul-20,30,2.5,3.000,2,357
3617NATT7,BU8662,GNSF,Jul-20,12,2.5,3.000,2,354
3617NVH49,BW3851,GNSF,Jul-20,8,2.5,3.000,2,352
3617NPKY2,BV9311,G2SF,Jun-20,13,2.5,2.813,3,356
3617NPK63,BV9317,G2SF,Jun-20,10,2.5,2.853,3,357
3617NXSY7,BW5935,G2SF,Jul-20,12,2.5,2.854,3,355
3617MSZQ8,BT4351,G2SF,Jul-20,8,2.5,2.856,3,357
36179VN22,MA6709,G2SF,Jun-20,"28,961",2.5,2.912,3,352
3617NPEK9,BV9138,G2SF,Jul-20,44,2.5,2.926,3,355
3617N54W8,BU4437,G2SF,Jun-20,11,2.5,2.929,3,357
3617NAKS8,BU8405,G2SF,Jun-20,50,2.5,2.949,3,356
3617NAJ43,BU8383,G2SF,Jun-20,25,2.5,2.952,3,357
3617N55H0,BU4448,G2SF,Jun-20,13,2.5,2.962,3,357
3617NAKN9,BU8401,G2SF,Jun-20,30,2.5,2.982,3,356
3617N5QB0,BU4050,G2SF,Jun-20,14,2.5,2.985,3,356
3617N7K71,BU5718,G2SF,Jun-20,50,2.5,3.000,3,356
3617NAH60,BU8353,G2SF,Jun-20,40,2.5,3.004,3,356
3617NAH78,BU8354,G2SF,Jun-20,20,2.5,3.005,3,356
3617N7MH7,BU5760,G2SF,Jun-20,25,2.5,3.025,3,356
36180HZZ4,AD6160,G2SF,Jun-20,11,2.5,3.031,3,346
3617N7LA3,BU5721,G2SF,Jul-20,10,2.5,3.036,3,357
3617NLUL8,BV6887,G2SF,Jun-20,9,2.5,3.038,3,357
3617N7M79,BU5782,G2SF,Jun-20,28,2.5,3.049,3,356
36180HZ43,AD6163,G2SF,Jun-20,20,2.5,3.049,3,356
3617NJ3J8,BV5301,G2SF,Jun-20,13,2.5,3.057,3,355
3617MLRM1,BS9492,G2SF,Jun-20,9,2.5,3.068,3,357
3617NKX60,BV6101,G2SF,Jul-20,8,2.5,3.096,3,357
3617NJ3G4,BV5299,G2SF,Jun-20,12,2.5,3.108,3,353
3617NRKQ5,BW0303,G2SF,Jul-20,9,2.5,3.161,3,357
3617NAZE3,BU8841,G2SF,Jun-20,18,2.5,3.216,3,357
3617N3Z66,BU2565,G2SF,Jun-20,73,2.5,2.930,4,355
36179VMC1,MA6655,G2SF,May-20,"28,493",2.5,2.946,4,350
3617MVPS8,BT6733,G2SF,May-20,11,2.5,2.975,4,340
3617N7L21,BU5745,G2SF,Jun-20,25,2.5,3.029,4,354
3617MYSF7,BT9518,G2SF,May-20,31,2.5,3.139,4,356
3617MYRA9,BT9481,G2SF,May-20,10,2.5,3.171,4,355
3617N7MS3,BU5769,GNSF,Jun-20,25,2.5,3.000,4,355
3617NAG61,BU8321,GNSF,May-20,24,2.5,3.000,4,354
3617NAG53,BU8320,GNSF,May-20,21,2.5,3.000,4,352
3617NAGY0,BU8315,GNSF,May-20,18,2.5,3.000,4,352
36179VKK5,MA6598,G2SF,Apr-20,"19,898",2.5,2.989,5,351
3617MVKP9,BT6602,G2SF,Apr-20,16,2.5,3.086,5,339
3617MQV60,BT2437,G2SF,Apr-20,12,2.5,3.089,5,355
3617MHC53,BS6392,G2SF,Apr-20,76,2.5,3.115,5,355
3617MT3U2,BT5311,G2SF,May-20,72,2.5,3.130,5,355
3617MN3U5,BT0811,G2SF,Mar-20,19,2.5,2.958,6,354
36179VHR4,MA6540,G2SF,Mar-20,"9,432",2.5,3.049,6,351
3617MQR65,BT2309,G2SF,Mar-20,11,2.5,3.130,6,353
3617MQTC0,BT2347,G2SF,Mar-20,9,2.5,3.135,6,354
3617K3HX0,BN0246,GNSF,Apr-20,11,2.5,3.000,6,336
3617MEFD0,BS3764,G2SF,Feb-20,8,2.5,3.028,7,349
36179VFN5,MA6473,G2SF,Feb-20,"6,424",2.5,3.048,7,350
3617MF5X4,BS5362,G2SF,Feb-20,19,2.5,3.058,7,352
3617N2SD1,BU1416,G2SF,Mar-20,23,2.5,3.210,7,353
36179VDM9,MA6408,G2SF,Jan-20,"5,714",2.5,2.995,8,349
36179VBE9,MA6337,G2SF,Dec-19,"4,972",2.5,3.003,9,348
3617N3ZF6,BU2542,G2SF,May-20,31,2.5,3.008,9,350
3617LYUH1,BR2384,G2SF,Dec-19,9,2.5,3.031,9,350
3617M7AV0,BR8120,G2SF,Feb-20,8,2.5,3.022,10,349
36179U6T4,MA6282,G2SF,Nov-19,"4,862",2.5,3.030,10,347
3617LYQU7,BR2267,G2SF,Nov-19,11,2.5,3.146,10,338
3617LKHL7,BQ1135,G2SF,Nov-19,11,2.5,3.159,10,330
36179U4A7,MA6217,G2SF,Oct-19,"3,487",2.5,3.074,11,346
3617K3KX6,BN0310,GNSF,Oct-19,10,2.5,3.000,11,344
36179UZR6,MA6152,G2SF,Sep-19,"1,287",2.5,3.112,12,344
36179UXR8,MA6088,G2SF,Aug-19,553,2.5,3.100,15,343
36179UV66,MA6037,G2SF,Jul-19,88,2.5,3.157,26,331
36179TSE6,MA5017,G2SF,Feb-18,13,2.5,3.004,32,320
36179TNP6,MA4898,G2SF,Dec-17,14,2.5,2.990,34,320
36179TQM0,MA4960,G2SF,Jan-18,14,2.5,3.064,34,316
36179TLQ6,MA4835,G2SF,Nov-17,19,2.5,2.937,35,319
36179TJV8,MA4776,G2SF,Oct-17,26,2.5,3.011,36,320
36179TG25,MA4717,G2SF,Sep-17,12,2.5,3.026,38,316
36179TEX9,MA4650,G2SF,Aug-17,12,2.5,3.047,40,312
36179S2M8,MA4380,G2SF,Apr-17,70,2.5,2.992,43,309
36179S5J2,MA4449,G2SF,May-17,9,2.5,3.001,43,305
36179SWV5,MA4260,G2SF,Feb-17,210,2.5,2.989,44,309
36179SYQ4,MA4319,G2SF,Mar-17,40,2.5,3.013,44,309
36179SUT2,MA4194,G2SF,Jan-17,642,2.5,2.953,45,309
36179SSN8,MA4125,G2SF,Dec-16,"1,193",2.5,2.942,46,308
36179UUG5,MA5983,G2SF,Jun-19,40,2.5,3.061,47,305
36179SNT0,MA4002,G2SF,Oct-16,"1,474",2.5,2.962,47,306
36179SQU4,MA4067,G2SF,Nov-16,"1,416",2.5,2.968,47,307
36179SLQ8,MA3935,G2SF,Sep-16,"1,097",2.5,2.966,48,305
36179SJR9,MA3872,G2SF,Aug-16,314,2.5,2.986,50,302
36179SEF0,MA3734,G2SF,Jun-16,169,2.5,2.958,52,300
36179TCV5,MA4584,G2SF,Jul-17,10,2.5,3.025,52,297
36179SB63,MA3661,G2SF,May-16,122,2.5,2.944,53,301
36179UB84,MA5463,G2SF,Sep-18,22,2.5,3.123,54,301
36179R7G8,MA3595,G2SF,Apr-16,65,2.5,2.894,55,300
36179SGJ0,MA3801,G2SF,Jul-16,255,2.5,3.049,55,298
36179RLM9,MA3032,G2SF,Aug-15,10,2.5,3.037,62,287
36179RF79,MA2890,G2SF,Jun-15,85,2.5,2.839,63,290
36179RJC4,MA2959,G2SF,Jul-15,29,2.5,3.027,63,289
36179RD55,MA2824,G2SF,May-15,60,2.5,2.903,65,288
36179RBV0,MA2752,G2SF,Apr-15,72,2.5,2.916,66,289
36179Q6M8,MA2676,G2SF,Mar-15,56,2.5,2.856,67,288
36179R4C0,MA3519,G2SF,Mar-16,18,2.5,2.988,68,278
36179NM88,MA1283,G2SF,Sep-13,34,2.5,2.993,85,263
36180CEZ8,AD1052,GNSF,Aug-13,13,2.5,3.000,85,261
36179NLB2,MA1222,G2SF,Aug-13,76,2.5,3.005,86,265
36179NH84,MA1155,G2SF,Jul-13,173,2.5,3.032,86,265
36180CER6,AD1044,GNSF,Aug-13,14,2.5,3.000,86,267
36179NF52,MA1088,G2SF,Jun-13,100,2.5,3.029,88,264
36180CED7,AD1032,GNSF,Jul-13,13,2.5,3.000,87,265
36180CEE5,AD1033,GNSF,Jul-13,12,2.5,3.000,87,263
36180CDC0,AD0999,GNSF,May-13,17,2.5,3.000,88,263
36180CDR7,AD1012,GNSF,Jun-13,15,2.5,3.000,88,260
36179NDP0,MA1010,G2SF,May-13,91,2.5,3.020,89,261
36180CDB2,AD0998,GNSF,May-13,20,2.5,3.000,89,261
36180CDA4,AD0997,GNSF,May-13,18,2.5,3.000,89,259
36179NA99,MA0932,G2SF,Apr-13,142,2.5,3.034,90,260
36179NTB4,MA1446,G2SF,Nov-13,24,2.5,3.036,90,261
36180CC72,AD0994,GNSF,Apr-13,24,2.5,3.000,90,260
36180CC98,AD0996,GNSF,Apr-13,21,2.5,3.000,90,261
36180CC80,AD0995,GNSF,Apr-13,21,2.5,3.000,90,261
36178VLN9,AB8433,GNSF,Mar-13,16,2.5,3.000,90,262
36180M3Y1,AD8915,GNSF,Apr-13,16,2.5,3.000,90,263
36180KJE2,AD7461,GNSF,Apr-13,8,2.5,3.000,90,255
36179M2N9,MA0781,G2SF,Feb-13,380,2.5,3.025,91,258
36179M5K2,MA0850,G2SF,Mar-13,326,2.5,3.044,91,259
36180MXE2,AD8777,GNSF,Mar-13,41,2.5,3.000,91,259
36178D2J9,AA6177,GNSF,Mar-13,27,2.5,3.000,91,260
36178VLH2,AB8428,GNSF,Mar-13,25,2.5,3.000,91,262
36178VLF6,AB8426,GNSF,Mar-13,24,2.5,3.000,91,256
36178VLG4,AB8427,GNSF,Mar-13,23,2.5,3.000,91,259
36178D6U0,AA6283,GNSF,Apr-13,17,2.5,3.000,91,260
36180KBW0,AD7253,GNSF,Mar-13,15,2.5,3.000,91,260
36178GTD6,AA8648,GNSF,Mar-13,13,2.5,3.000,91,262
36180EPQ2,AD3131,GNSF,Apr-13,10,2.5,3.000,91,259
36179MX21,MA0697,G2SF,Jan-13,276,2.5,3.022,92,258
36180C4R7,AD1732,GNSF,Feb-13,76,2.5,3.000,92,257
36180CYH6,AD1612,GNSF,Jan-13,70,2.5,3.000,92,258
36178DX63,AA6101,GNSF,Feb-13,49,2.5,3.000,92,257
36178VJL6,AB8367,GNSF,Feb-13,25,2.5,3.000,92,259
36178VKV2,AB8408,GNSF,Feb-13,24,2.5,3.000,92,258
36178VKU4,AB8407,GNSF,Feb-13,22,2.5,3.000,92,257
36179JFV4,AC8280,GNSF,Feb-13,12,2.5,3.000,92,258
36180C3W7,AD1713,GNSF,Feb-13,9,2.5,3.000,92,255
36179MVQ0,MA0623,G2SF,Dec-12,228,2.5,3.033,93,256
36179DEE6,AC3733,GNSF,Dec-12,73,2.5,3.000,93,254
36178DU25,AA6001,GNSF,Jan-13,37,2.5,3.000,93,257
36178VKD2,AB8392,GNSF,Jan-13,24,2.5,3.000,93,256
36178DTC5,AA5947,GNSF,Dec-12,20,2.5,3.000,93,257
36178VKE0,AB8393,GNSF,Jan-13,12,2.5,3.000,93,262
36180CYJ2,AD1613,GNSF,Jan-13,12,2.5,3.000,93,255
36179DEG1,AC3735,GNSF,Dec-12,10,2.5,3.000,93,255
36179MSV3,MA0532,G2SF,Nov-12,85,2.5,3.081,94,255
36178DRP8,AA5894,GNSF,Dec-12,34,2.5,3.000,94,256
36178WF61,AB9189,GNSF,Nov-12,21,2.5,3.000,94,253
36178VKC4,AB8391,GNSF,Dec-12,19,2.5,3.000,94,256
36178VJY8,AB8379,GNSF,Dec-12,19,2.5,3.000,94,258
36178DPB1,AA5818,GNSF,Nov-12,13,2.5,3.000,94,261
36179MQM5,MA0460,G2SF,Oct-12,20,2.5,3.156,95,252
3617GGUC7,BF9579,G2SF,Apr-18,17,2.5,3.133,100,245
3617M3S99,BR5044,G2SF,Feb-20,9,2.9,3.401,9,351
3617NNPD8,BV8520,G2SF,Jul-20,18,3.0,3.293,2,358
3617NNPC0,BV8519,G2SF,Jul-20,17,3.0,3.293,2,358
3617NNPE6,BV8521,G2SF,Jul-20,19,3.0,3.295,2,357
3617NNM33,BV8478,G2SF,Jul-20,15,3.0,3.302,2,358
3617MLW86,BS9671,G2SF,Jul-20,9,3.0,3.302,2,358
3617MAJW2,BS0277,G2SF,Jul-20,10,3.0,3.304,2,357
3617NNNM0,BV8496,G2SF,Jul-20,16,3.0,3.314,2,358
3617NJ2G5,BV5275,G2SF,Jul-20,10,3.0,3.321,2,354
3617NNM25,BV8477,G2SF,Jul-20,14,3.0,3.326,2,357
3617NNNN8,BV8497,G2SF,Jul-20,14,3.0,3.328,2,358
3617MQJJ6,BT2065,G2SF,Jul-20,9,3.0,3.341,2,357
3617NTY37,BW2530,G2SF,Jul-20,10,3.0,3.353,2,357
3617NTXL8,BW2483,G2SF,Jul-20,9,3.0,3.363,2,358
3617NF4Z9,BV2640,G2SF,Jul-20,12,3.0,3.378,2,358
3617NARL6,BU8591,G2SF,Jul-20,10,3.0,3.378,2,357
3617MKMR7,BS8468,G2SF,Jul-20,24,3.0,3.382,2,357
3617NAS92,BU8644,G2SF,Jul-20,20,3.0,3.382,2,358
3617NALM0,BU8432,G2SF,Jul-20,10,3.0,3.387,2,357
3617NVNU4,BW4003,G2SF,Jul-20,10,3.0,3.387,2,358
3617NTXH7,BW2480,G2SF,Jul-20,30,3.0,3.388,2,357
3617NAS27,BU8637,G2SF,Jul-20,10,3.0,3.388,2,358
3617NATQ3,BU8659,G2SF,Jul-20,10,3.0,3.388,2,358
3617NTXJ3,BW2481,G2SF,Jul-20,40,3.0,3.395,2,357
3617NASV3,BU8632,G2SF,Jul-20,10,3.0,3.394,2,358
3617NARQ5,BU8595,G2SF,Jul-20,15,3.0,3.395,2,357
3617NAR93,BU8612,G2SF,Jul-20,15,3.0,3.395,2,358
3617NASJ0,BU8621,G2SF,Jul-20,10,3.0,3.395,2,358
3617NARG7,BU8587,G2SF,Jul-20,10,3.0,3.396,2,357
3617NALW8,BU8441,G2SF,Jul-20,10,3.0,3.397,2,358
3617NASW1,BU8633,G2SF,Jul-20,10,3.0,3.398,2,358
3617NALE8,BU8425,G2SF,Jul-20,15,3.0,3.400,2,357
3617NASZ4,BU8636,G2SF,Jul-20,10,3.0,3.401,2,358
3617NATA8,BU8645,G2SF,Jul-20,10,3.0,3.401,2,358
3617NALD0,BU8424,G2SF,Jul-20,10,3.0,3.403,2,353
3617NALT5,BU8438,G2SF,Jul-20,15,3.0,3.405,2,357
3617NARV4,BU8600,G2SF,Jul-20,15,3.0,3.406,2,358
3617NALH1,BU8428,G2SF,Jul-20,15,3.0,3.407,2,358
3617NATG5,BU8651,G2SF,Jul-20,10,3.0,3.409,2,357
3617NARH5,BU8588,G2SF,Jul-20,15,3.0,3.411,2,358
3617NASD3,BU8616,G2SF,Jul-20,10,3.0,3.413,2,358
3617NTY29,BW2529,G2SF,Jul-20,11,3.0,3.419,2,356
3617NET77,BV1474,G2SF,Jul-20,11,3.0,3.419,2,343
3617NTXG9,BW2479,G2SF,Jul-20,21,3.0,3.420,2,357
3617NALN8,BU8433,G2SF,Jul-20,10,3.0,3.422,2,358
3617NATF7,BU8650,G2SF,Jul-20,14,3.0,3.424,2,357
3617NEQM7,BV1360,G2SF,Jul-20,9,3.0,3.426,2,332
3617NAR44,BU8607,G2SF,Jul-20,15,3.0,3.433,2,358
3617MP4L9,BT1727,G2SF,Jul-20,29,3.0,3.438,2,355
3617N7LQ8,BU5735,G2SF,Jul-20,10,3.0,3.439,2,358
3617NATS9,BU8661,G2SF,Jul-20,40,3.0,3.441,2,357
3617NLB70,BV6362,G2SF,Jul-20,9,3.0,3.445,2,358
3617NWSY9,BW5035,G2SF,Jul-20,15,3.0,3.451,2,357
3617MP4J4,BT1725,G2SF,Jul-20,22,3.0,3.452,2,353
3617NEQN5,BV1361,G2SF,Jul-20,10,3.0,3.455,2,339
3617MP4K1,BT1726,G2SF,Jul-20,27,3.0,3.467,2,353
3617NAR36,BU8606,G2SF,Jul-20,30,3.0,3.472,2,358
3617NWSE3,BW5017,G2SF,Jul-20,10,3.0,3.472,2,358
3617N7LM7,BU5732,G2SF,Jul-20,15,3.0,3.477,2,355
3617NEYU0,BV1623,G2SF,Jul-20,11,3.0,3.486,2,358
3617N7LJ4,BU5729,G2SF,Jul-20,50,3.0,3.489,2,358
3617MP4H8,BT1724,G2SF,Jul-20,12,3.0,3.492,2,355
3617NATP5,BU8658,G2SF,Jul-20,20,3.0,3.493,2,358
3617NF4Y2,BV2639,G2SF,Jul-20,26,3.0,3.494,2,358
3617NF4W6,BV2637,G2SF,Jul-20,16,3.0,3.506,2,358
3617NWSK9,BW5022,G2SF,Jul-20,9,3.0,3.507,2,357
3617NRJ38,BW0282,G2SF,Jul-20,35,3.0,3.510,2,358
3617NXUF5,BW5982,G2SF,Jul-20,10,3.0,3.510,2,358
3617NWSD5,BW5016,G2SF,Jul-20,11,3.0,3.515,2,358
3617MKMU0,BS8471,G2SF,Jul-20,51,3.0,3.518,2,357
3617N7LR6,BU5736,G2SF,Jul-20,10,3.0,3.520,2,358
3617NWSR4,BW5028,G2SF,Jul-20,20,3.0,3.524,2,357
3617N7LE5,BU5725,G2SF,Jul-20,20,3.0,3.525,2,357
3617NWSP8,BW5026,G2SF,Jul-20,12,3.0,3.526,2,354
3617NF4X4,BV2638,G2SF,Jul-20,22,3.0,3.527,2,358
3617N7LG0,BU5727,G2SF,Jul-20,10,3.0,3.532,2,355
3617NRK77,BW0318,G2SF,Jul-20,50,3.0,3.540,2,358
3617N7LC9,BU5723,G2SF,Jul-20,12,3.0,3.542,2,356
3617NEC26,BV0989,G2SF,Jul-20,15,3.0,3.544,2,358
3617N7LD7,BU5724,G2SF,Jul-20,10,3.0,3.545,2,358
3617NEC42,BV0991,G2SF,Jul-20,11,3.0,3.551,2,358
3617NLXF8,BV6978,G2SF,Jul-20,12,3.0,3.565,2,358
3617NEC34,BV0990,G2SF,Jul-20,10,3.0,3.567,2,358
3617MS2H4,BT4376,G2SF,Jul-20,16,3.0,3.573,2,357
3617MS3W0,BT4413,G2SF,Jul-20,11,3.0,3.655,2,358
3617MSZF2,BT4342,G2SF,Jul-20,10,3.0,3.672,2,358
3617MEUL5,BS4187,G2SF,Jul-20,9,3.0,3.674,2,358
3617MKMT3,BS8470,GNSF,Jul-20,51,3.0,3.500,2,358
3617MPDM7,BT1008,GNSF,Jul-20,16,3.0,3.500,2,351
3617NNMH2,BV8460,G2SF,Jun-20,22,3.0,3.280,3,357
3617MLWP8,BS9654,G2SF,Jun-20,9,3.0,3.282,3,357
3617NNMG4,BV8459,G2SF,Jun-20,19,3.0,3.288,3,357
3617NNLV2,BV8440,G2SF,Jun-20,9,3.0,3.312,3,357
3617MLWN3,BS9653,G2SF,Jun-20,8,3.0,3.314,3,357
3617NJ2C4,BV5271,G2SF,Jun-20,13,3.0,3.322,3,351
3617NQBC8,BV9935,G2SF,Jul-20,12,3.0,3.330,3,357
3617NQBD6,BV9936,G2SF,Jul-20,10,3.0,3.339,3,357
3617NPEF0,BV9134,G2SF,Jul-20,15,3.0,3.340,3,357
3617NJ2B6,BV5270,G2SF,Jun-20,12,3.0,3.339,3,349
3617MXLA7,BT8421,G2SF,Jun-20,11,3.0,3.359,3,357
3617NXTC4,BW5947,G2SF,Jul-20,10,3.0,3.387,3,357
3617NAJ92,BU8388,G2SF,Jun-20,12,3.0,3.389,3,354
3617NAKV1,BU8408,G2SF,Jun-20,19,3.0,3.393,3,355
3617NAJY7,BU8379,G2SF,Jun-20,10,3.0,3.393,3,355
3617N3FL5,BU1971,G2SF,Jun-20,10,3.0,3.403,3,356
3617NAKK5,BU8398,G2SF,Jun-20,22,3.0,3.407,3,357
3617NAKU3,BU8407,G2SF,Jun-20,15,3.0,3.409,3,357
3617NAKA7,BU8389,G2SF,Jun-20,15,3.0,3.411,3,357
3617NAJ84,BU8387,G2SF,Jun-20,10,3.0,3.412,3,357
3617NUBZ8,BW2756,G2SF,Jun-20,9,3.0,3.412,3,357
3617NAKF6,BU8394,G2SF,Jun-20,12,3.0,3.413,3,355
3617NXTA8,BW5945,G2SF,Jul-20,9,3.0,3.414,3,357
3617NAKX7,BU8410,G2SF,Jun-20,9,3.0,3.414,3,357
3617NAKZ2,BU8412,G2SF,Jun-20,48,3.0,3.418,3,357
36179VQT0,MA6766,G2SF,Jul-20,"15,156",3.0,3.440,3,354
3617NAJF8,BU8362,G2SF,Jun-20,15,3.0,3.442,3,354
3617NAJE1,BU8361,G2SF,Jun-20,12,3.0,3.443,3,355
36179VN30,MA6710,G2SF,Jun-20,"15,960",3.0,3.446,3,353
3617NAJU5,BU8375,G2SF,Jun-20,20,3.0,3.448,3,357
3617NAH86,BU8355,G2SF,Jun-20,20,3.0,3.449,3,356
3617NF2R9,BV2584,G2SF,Jun-20,12,3.0,3.450,3,357
3617NJF89,BV4691,G2SF,Jul-20,12,3.0,3.451,3,356
3617NAJ35,BU8382,G2SF,Jun-20,20,3.0,3.455,3,357
36180HZ84,AD6167,G2SF,Jun-20,18,3.0,3.454,3,350
3617MP3V8,BT1712,G2SF,Jun-20,38,3.0,3.456,3,353
3617NAH94,BU8356,G2SF,Jun-20,30,3.0,3.460,3,355
3617NAJB7,BU8358,G2SF,Jun-20,40,3.0,3.462,3,356
36180H2A5,AD6169,G2SF,Jun-20,36,3.0,3.467,3,352
3617N7KZ9,BU5712,G2SF,Jun-20,9,3.0,3.469,3,357
3617NK6B9,BV6266,G2SF,Jun-20,10,3.0,3.471,3,357
36180HZ92,AD6168,G2SF,Jun-20,24,3.0,3.473,3,355
3617NAJD3,BU8360,G2SF,Jun-20,25,3.0,3.477,3,357
3617NUBT2,BW2750,G2SF,Jun-20,18,3.0,3.475,3,356
3617NEKS0,BV1205,G2SF,Jun-20,14,3.0,3.483,3,334
3617MS2Y7,BT4391,G2SF,Jul-20,9,3.0,3.483,3,357
3617NWAA0,BW4501,G2SF,Jul-20,13,3.0,3.484,3,345
3617NAJC5,BU8359,G2SF,Jun-20,10,3.0,3.484,3,352
3617NEKR2,BV1204,G2SF,Jun-20,15,3.0,3.490,3,331
3617NUBU9,BW2751,G2SF,Jun-20,31,3.0,3.493,3,355
3617N7M38,BU5778,G2SF,Jun-20,22,3.0,3.498,3,357
3617NGJE8,BV2961,G2SF,Jun-20,39,3.0,3.502,3,357
3617NLUU8,BV6895,G2SF,Jun-20,11,3.0,3.502,3,357
3617NF2Q1,BV2583,G2SF,Jun-20,19,3.0,3.507,3,357
3617NUBV7,BW2752,G2SF,Jun-20,20,3.0,3.508,3,356
3617NF2W8,BV2589,G2SF,Jun-20,18,3.0,3.508,3,357
36180H2C1,AD6171,G2SF,Jun-20,9,3.0,3.515,3,356
3617NGG76,BV2922,G2SF,Jun-20,21,3.0,3.526,3,356
3617NUBS4,BW2749,G2SF,Jun-20,10,3.0,3.531,3,357
3617MKL98,BS8452,G2SF,Jun-20,15,3.0,3.536,3,357
3617N7MC8,BU5755,G2SF,Jun-20,10,3.0,3.538,3,356
3617NF2V0,BV2588,G2SF,Jun-20,12,3.0,3.542,3,357
3617MSXY3,BT4295,G2SF,Jul-20,14,3.0,3.551,3,357
3617NJV32,BV5134,G2SF,Jun-20,14,3.0,3.556,3,356
3617N7MV6,BU5772,G2SF,Jun-20,10,3.0,3.556,3,355
3617NLUQ7,BV6891,G2SF,Jun-20,9,3.0,3.563,3,356
3617N7MK0,BU5762,G2SF,Jun-20,15,3.0,3.565,3,356
3617MSYV8,BT4324,G2SF,Jul-20,26,3.0,3.574,3,357
3617MS5G3,BT4447,G2SF,Jul-20,25,3.0,3.581,3,357
3617MS5J7,BT4449,G2SF,Jul-20,17,3.0,3.589,3,357
3617N9QW6,BU7669,G2SF,Jul-20,9,3.0,3.592,3,357
3617MS5L2,BT4451,G2SF,Jul-20,12,3.0,3.592,3,357
3617MS5K4,BT4450,G2SF,Jul-20,10,3.0,3.597,3,356
3617MS5H1,BT4448,G2SF,Jul-20,23,3.0,3.600,3,357
3617MSZN5,BT4349,G2SF,Jul-20,37,3.0,3.601,3,357
3617MSX49,BT4299,G2SF,Jul-20,10,3.0,3.682,3,357
3617N7K89,BU5719,GNSF,Jun-20,35,3.0,3.500,3,357
3617MVTY1,BT6867,G2SF,May-20,16,3.0,3.332,4,352
3617N3Z58,BU2564,G2SF,Jun-20,22,3.0,3.382,4,352
3617NAHK9,BU8334,G2SF,May-20,9,3.0,3.417,4,354
3617LMWA0,BQ3341,G2SF,May-20,11,3.0,3.418,4,356
3617NAG79,BU8322,G2SF,May-20,9,3.0,3.423,4,353
3617NAHC7,BU8327,G2SF,May-20,22,3.0,3.427,4,355
3617NAHL7,BU8335,G2SF,May-20,14,3.0,3.428,4,355
3617MSXA5,BT4273,G2SF,Jun-20,10,3.0,3.432,4,356
3617NAGQ7,BU8307,G2SF,May-20,10,3.0,3.441,4,351
3617N6SE0,BU5017,G2SF,May-20,9,3.0,3.440,4,356
3617NAHY9,BU8347,G2SF,May-20,26,3.0,3.439,4,356
3617NAG46,BU8319,G2SF,May-20,13,3.0,3.440,4,355
3617NAGB0,BU8294,G2SF,May-20,10,3.0,3.454,4,355
3617NAHU7,BU8343,G2SF,May-20,9,3.0,3.454,4,354
3617N7KQ9,BU5703,G2SF,Jun-20,10,3.0,3.456,4,356
3617MS4G4,BT4423,G2SF,Jun-20,10,3.0,3.457,4,356
3617MSR38,BT4106,G2SF,Jun-20,10,3.0,3.458,4,356
3617NAGC8,BU8295,G2SF,May-20,10,3.0,3.460,4,355
36180HYV4,AD6124,G2SF,May-20,32,3.0,3.470,4,344
3617NAG87,BU8323,G2SF,May-20,10,3.0,3.484,4,355
36180HYU6,AD6123,G2SF,May-20,22,3.0,3.491,4,345
3617MP3P1,BT1706,G2SF,Jun-20,55,3.0,3.498,4,355
3617N7PQ4,BU5831,G2SF,May-20,16,3.0,3.504,4,355
3617MVP25,BT6741,G2SF,May-20,19,3.0,3.514,4,343
3617MVAM7,BT6312,G2SF,May-20,9,3.0,3.519,4,356
3617N7L47,BU5747,G2SF,Jun-20,15,3.0,3.521,4,356
3617NFZN2,BV2549,G2SF,May-20,11,3.0,3.521,4,355
36180HYW2,AD6125,G2SF,May-20,9,3.0,3.521,4,351
3617N7PE1,BU5821,G2SF,May-20,25,3.0,3.528,4,355
3617N7L62,BU5749,G2SF,Jun-20,25,3.0,3.536,4,356
3617MSQJ4,BT4057,G2SF,Jun-20,14,3.0,3.540,4,355
3617MSR53,BT4108,G2SF,Jun-20,15,3.0,3.545,4,356
3617MSRH7,BT4088,G2SF,Jun-20,28,3.0,3.551,4,356
3617MVAJ4,BT6309,G2SF,May-20,22,3.0,3.560,4,353
3617MVAK1,BT6310,G2SF,May-20,31,3.0,3.571,4,352
3617N4R71,BU3210,G2SF,May-20,8,3.0,3.574,4,354
3617MVAH8,BT6308,G2SF,May-20,16,3.0,3.579,4,352
3617NGGY7,BV2915,G2SF,Jun-20,26,3.0,3.593,4,356
3617NGGX9,BV2914,G2SF,Jun-20,20,3.0,3.598,4,356
3617NGEY9,BV2851,G2SF,May-20,20,3.0,3.602,4,356
3617MS4D1,BT4420,G2SF,Jun-20,13,3.0,3.605,4,356
3617MVCN3,BT6377,G2SF,May-20,20,3.0,3.610,4,356
3617MRJQ8,BT2971,G2SF,May-20,9,3.0,3.630,4,355
3617MYST7,BT9530,G2SF,May-20,10,3.0,3.655,4,356
3617MYV71,BT9638,G2SF,Apr-20,10,3.0,3.424,5,355
3617N7PL5,BU5827,G2SF,May-20,10,3.0,3.444,5,355
3617MYVM8,BT9620,G2SF,Apr-20,15,3.0,3.452,5,352
3617LNRT3,BQ4098,G2SF,May-20,18,3.0,3.461,5,355
3617N7NW3,BU5805,G2SF,May-20,10,3.0,3.469,5,354
3617MYVA4,BT9609,G2SF,Apr-20,20,3.0,3.477,5,354
3617MYVF3,BT9614,G2SF,Apr-20,10,3.0,3.478,5,355
36179VMD9,MA6656,G2SF,May-20,"17,163",3.0,3.479,5,352
3617MQV78,BT2438,G2SF,Apr-20,10,3.0,3.485,5,355
3617MYVT3,BT9626,G2SF,Apr-20,10,3.0,3.488,5,355
3617MYV63,BT9637,G2SF,Apr-20,10,3.0,3.489,5,355
3617N9RC9,BU7683,G2SF,Jun-20,9,3.0,3.491,5,355
3617MYVG1,BT9615,G2SF,Apr-20,15,3.0,3.501,5,355
3617MYVU0,BT9627,G2SF,Apr-20,25,3.0,3.510,5,353
3617MVLW3,BT6641,G2SF,Apr-20,10,3.0,3.523,5,336
3617MVMQ5,BT6667,G2SF,Apr-20,11,3.0,3.525,5,332
3617N66L8,BU5375,G2SF,May-20,25,3.0,3.531,5,354
3617MYVW6,BT9629,G2SF,Apr-20,20,3.0,3.536,5,354
3617N7NY9,BU5807,G2SF,May-20,43,3.0,3.539,5,354
3617N7NQ6,BU5799,G2SF,May-20,10,3.0,3.539,5,355
3617MVKV6,BT6608,G2SF,Apr-20,38,3.0,3.540,5,339
3617MYVH9,BT9616,G2SF,Apr-20,20,3.0,3.544,5,354
3617MYVE6,BT9613,G2SF,Apr-20,25,3.0,3.550,5,353
3617N2KR8,BU1204,G2SF,May-20,11,3.0,3.550,5,355
3617MSHP0,BT3838,G2SF,May-20,20,3.0,3.558,5,355
3617MGGC6,BS5595,G2SF,Apr-20,10,3.0,3.554,5,354
3617N66B0,BU5366,G2SF,Apr-20,17,3.0,3.555,5,354
3617MYVP1,BT9622,G2SF,Apr-20,15,3.0,3.557,5,353
3617MNH63,BT0253,G2SF,Apr-20,10,3.0,3.560,5,353
3617N64C0,BU5319,G2SF,Apr-20,20,3.0,3.579,5,354
3617MU6W2,BT6285,G2SF,Apr-20,9,3.0,3.581,5,355
3617MSGM8,BT3804,G2SF,May-20,8,3.0,3.600,5,353
3617N64Y2,BU5339,G2SF,Apr-20,15,3.0,3.613,5,353
3617MT3W8,BT5313,G2SF,May-20,24,3.0,3.668,5,355
3617N3RU2,BU2299,G2SF,Apr-20,10,3.0,3.671,5,350
3617N65U9,BU5359,GNSF,Apr-20,59,3.0,3.500,5,354
3617N64Z9,BU5340,GNSF,Apr-20,49,3.0,3.500,5,354
3617MVZF5,BT7042,G2SF,Mar-20,11,3.0,3.315,6,338
3617MN3M3,BT0804,G2SF,Mar-20,10,3.0,3.355,6,353
3617M8AE6,BR9005,G2SF,Mar-20,11,3.0,3.356,6,348
3617M8AF3,BR9006,G2SF,Mar-20,14,3.0,3.370,6,347
3617M82J4,BR9777,G2SF,Mar-20,12,3.0,3.406,6,340
3617M82L9,BR9779,G2SF,Mar-20,15,3.0,3.404,6,342
3617MFDY3,BS4619,G2SF,Mar-20,12,3.0,3.407,6,353
3617MVXY6,BT6995,G2SF,Mar-20,10,3.0,3.424,6,350
3617M82N5,BR9781,G2SF,Mar-20,10,3.0,3.441,6,351
3617MTC99,BT4596,G2SF,Mar-20,17,3.0,3.442,6,353
3617MNGJ6,BT0201,G2SF,Apr-20,12,3.0,3.445,6,354
3617MYUJ6,BT9585,G2SF,Apr-20,25,3.0,3.449,6,353
3617MNZW6,BT0757,G2SF,Mar-20,10,3.0,3.449,6,353
3617MTGN4,BT4705,G2SF,Mar-20,9,3.0,3.454,6,351
3617MNZ63,BT0765,G2SF,Mar-20,10,3.0,3.455,6,353
3617MNZ71,BT0766,G2SF,Mar-20,15,3.0,3.458,6,352
3617MG6G8,BS6271,G2SF,Mar-20,15,3.0,3.460,6,353
3617MYAS8,BT9017,G2SF,Mar-20,12,3.0,3.461,6,345
3617MFL65,BS4849,G2SF,Mar-20,9,3.0,3.462,6,351
3617MN3K7,BT0802,G2SF,Mar-20,15,3.0,3.463,6,351
3617MN4S9,BT0833,G2SF,Mar-20,15,3.0,3.463,6,352
3617MLXL6,BS9683,G2SF,Mar-20,11,3.0,3.463,6,351
3617MVF42,BT6487,G2SF,Mar-20,21,3.0,3.467,6,345
3617MUZ75,BT6166,G2SF,Mar-20,21,3.0,3.465,6,350
3617MLXB8,BS9674,G2SF,Mar-20,10,3.0,3.465,6,352
3617MYAV1,BT9020,G2SF,Mar-20,11,3.0,3.465,6,349
3617MN4D2,BT0820,G2SF,Mar-20,24,3.0,3.467,6,353
3617MN3Y7,BT0815,G2SF,Mar-20,20,3.0,3.467,6,351
3617MYUT4,BT9594,G2SF,Apr-20,20,3.0,3.467,6,352
3617MN5S8,BT0857,G2SF,Mar-20,10,3.0,3.468,6,348
3617MNZ30,BT0762,G2SF,Mar-20,15,3.0,3.469,6,351
36180HX37,AD6098,G2SF,Mar-20,30,3.0,3.475,6,346
3617MQS72,BT2342,G2SF,Mar-20,18,3.0,3.475,6,353
3617MN6S7,BT0881,G2SF,Apr-20,10,3.0,3.474,6,352
3617MN5U3,BT0859,G2SF,Mar-20,50,3.0,3.476,6,352
3617MELL5,BS3931,G2SF,Mar-20,11,3.0,3.477,6,343
3617MUZ59,BT6164,G2SF,Mar-20,13,3.0,3.478,6,353
3617MN4K6,BT0826,G2SF,Mar-20,35,3.0,3.480,6,352
3617MN3L5,BT0803,G2SF,Mar-20,20,3.0,3.480,6,350
3617MFL40,BS4847,G2SF,Mar-20,30,3.0,3.481,6,353
3617MFL57,BS4848,G2SF,Mar-20,10,3.0,3.482,6,352
3617MN5T6,BT0858,G2SF,Mar-20,45,3.0,3.483,6,352
3617MNZ48,BT0763,G2SF,Mar-20,10,3.0,3.483,6,352
3617MN3X9,BT0814,G2SF,Mar-20,25,3.0,3.484,6,353
36180HYD4,AD6108,G2SF,Mar-20,86,3.0,3.485,6,353
36180HX60,AD6101,G2SF,Mar-20,63,3.0,3.485,6,348
36180HXW3,AD6093,G2SF,Mar-20,12,3.0,3.486,6,344
3617MN5V1,BT0860,G2SF,Mar-20,69,3.0,3.488,6,353
3617MNZ55,BT0764,G2SF,Mar-20,20,3.0,3.487,6,351
3617MNZ89,BT0767,G2SF,Mar-20,15,3.0,3.487,6,353
3617MN4V2,BT0836,G2SF,Mar-20,50,3.0,3.488,6,353
3617MNTT0,BT0562,G2SF,Mar-20,9,3.0,3.489,6,354
3617MG7K8,BS6298,G2SF,Mar-20,18,3.0,3.492,6,352
3617MQV37,BT2434,G2SF,Mar-20,14,3.0,3.492,6,349
3617NJU41,BV5103,G2SF,May-20,46,3.0,3.494,6,350
36179VKL3,MA6599,G2SF,Apr-20,"22,121",3.0,3.497,6,351
36180HX52,AD6100,G2SF,Mar-20,61,3.0,3.497,6,346
36180HX45,AD6099,G2SF,Mar-20,45,3.0,3.499,6,348
3617MN5R0,BT0856,G2SF,Mar-20,15,3.0,3.499,6,350
3617MN4A8,BT0817,G2SF,Mar-20,64,3.0,3.509,6,351
3617MN4T7,BT0834,G2SF,Mar-20,15,3.0,3.510,6,353
3617MU3E5,BT6197,G2SF,Mar-20,11,3.0,3.510,6,354
3617MYUK3,BT9586,G2SF,Apr-20,25,3.0,3.517,6,354
3617MHQ82,BS6779,G2SF,Mar-20,9,3.0,3.522,6,353
3617MPX37,BT1598,G2SF,Mar-20,9,3.0,3.522,6,353
3617MVFZ3,BT6484,G2SF,Mar-20,15,3.0,3.523,6,337
3617MPZH4,BT1644,G2SF,Apr-20,12,3.0,3.523,6,354
3617MU2Z9,BT6192,G2SF,Mar-20,9,3.0,3.525,6,354
3617MN4W0,BT0837,G2SF,Mar-20,20,3.0,3.526,6,351
3617MH5F9,BS7146,G2SF,Mar-20,14,3.0,3.529,6,354
3617MVFP5,BT6474,G2SF,Mar-20,14,3.0,3.527,6,343
3617MN6A6,BT0865,G2SF,Mar-20,12,3.0,3.528,6,354
3617MUZ67,BT6165,G2SF,Mar-20,48,3.0,3.530,6,351
3617MN4X8,BT0838,G2SF,Mar-20,19,3.0,3.531,6,354
3617MEN74,BS4014,G2SF,Mar-20,9,3.0,3.532,6,354
3617MUZ83,BT6167,G2SF,Mar-20,18,3.0,3.534,6,352
3617MVHQ1,BT6539,G2SF,Mar-20,14,3.0,3.534,6,327
3617MUZ42,BT6163,G2SF,Mar-20,35,3.0,3.542,6,351
3617MH6G6,BS7171,G2SF,Mar-20,13,3.0,3.542,6,353
3617MHQ90,BS6780,G2SF,Mar-20,11,3.0,3.543,6,354
3617MUZ26,BT6161,G2SF,Mar-20,20,3.0,3.548,6,350
3617MU2A4,BT6169,G2SF,Mar-20,15,3.0,3.548,6,353
3617MNCC5,BT0067,G2SF,Mar-20,15,3.0,3.548,6,354
3617MNEG4,BT0135,G2SF,Apr-20,25,3.0,3.550,6,354
3617MH6H4,BS7172,G2SF,Mar-20,19,3.0,3.550,6,353
3617MNAG8,BT0007,G2SF,Mar-20,20,3.0,3.552,6,353
3617MNC35,BT0090,G2SF,Mar-20,21,3.0,3.554,6,353
3617MNEH2,BT0136,G2SF,Apr-20,15,3.0,3.557,6,354
3617MNDQ3,BT0111,G2SF,Mar-20,12,3.0,3.558,6,353
3617MNGG2,BT0199,G2SF,Apr-20,50,3.0,3.558,6,353
3617MH6J0,BS7173,G2SF,Mar-20,22,3.0,3.558,6,353
3617MG6E3,BS6269,G2SF,Mar-20,10,3.0,3.559,6,350
3617MNEE9,BT0133,G2SF,Apr-20,10,3.0,3.562,6,354
3617MNHK2,BT0234,G2SF,Apr-20,10,3.0,3.562,6,350
3617MH5G7,BS7147,G2SF,Mar-20,9,3.0,3.564,6,351
3617MNEF6,BT0134,G2SF,Apr-20,32,3.0,3.564,6,354
3617MNEC3,BT0131,G2SF,Apr-20,15,3.0,3.566,6,353
3617MNED1,BT0132,G2SF,Apr-20,15,3.0,3.567,6,354
3617MELN1,BS3933,G2SF,Mar-20,26,3.0,3.568,6,335
3617MMCY9,BS9987,G2SF,Mar-20,19,3.0,3.567,6,353
3617MNGE7,BT0197,G2SF,Apr-20,9,3.0,3.574,6,352
3617MNGH0,BT0200,G2SF,Apr-20,15,3.0,3.574,6,354
3617MNAQ6,BT0015,G2SF,Mar-20,13,3.0,3.577,6,352
3617MNBG7,BT0039,G2SF,Mar-20,19,3.0,3.577,6,353
3617MNBH5,BT0040,G2SF,Mar-20,9,3.0,3.578,6,354
3617MNAH6,BT0008,G2SF,Mar-20,30,3.0,3.582,6,353
3617MX4K4,BT8926,G2SF,Mar-20,9,3.0,3.586,6,354
3617MNEB5,BT0130,G2SF,Apr-20,12,3.0,3.589,6,353
3617MNBY8,BT0055,G2SF,Mar-20,10,3.0,3.589,6,354
3617MNA78,BT0030,G2SF,Mar-20,10,3.0,3.596,6,354
3617MX2U4,BT8887,G2SF,Mar-20,12,3.0,3.624,6,351
3617MHAQ9,BS6315,G2SF,Mar-20,11,3.0,3.625,6,353
3617MHAY2,BS6323,G2SF,Mar-20,44,3.0,3.627,6,354
3617MX3E9,BT8897,G2SF,Mar-20,11,3.0,3.628,6,353
3617N3Q90,BU2280,G2SF,Apr-20,10,3.0,3.634,6,350
3617MYAU3,BT9019,G2SF,Mar-20,20,3.0,3.644,6,349
3617MYAY5,BT9023,G2SF,Mar-20,13,3.0,3.652,6,351
3617MU4U8,BT6235,G2SF,Apr-20,19,3.0,3.654,6,354
3617MYAT6,BT9018,G2SF,Mar-20,12,3.0,3.655,6,346
3617M3PB7,BR4918,G2SF,Mar-20,21,3.0,3.658,6,353
3617N3QS8,BU2265,G2SF,Mar-20,15,3.0,3.664,6,350
3617MTGQ7,BT4707,G2SF,Mar-20,15,3.0,3.678,6,351
3617MYB73,BT9062,G2SF,Mar-20,15,3.0,3.691,6,353
3617MXZ95,BT8868,G2SF,Mar-20,11,3.0,3.691,6,353
3617MX3F6,BT8898,G2SF,Mar-20,10,3.0,3.703,6,350
3617MN5W9,BT0861,GNSF,Mar-20,99,3.0,3.500,6,352
3617MNG31,BT0218,GNSF,Apr-20,49,3.0,3.500,6,354
3617K3HZ5,BN0248,GNSF,Apr-20,12,3.0,3.500,6,350
3617MNMW0,BT0373,G2SF,Mar-20,9,3.0,3.250,7,352
3617MGZP6,BS6150,G2SF,Feb-20,11,3.0,3.340,7,350
3617M8W36,BR9666,G2SF,Feb-20,21,3.0,3.348,7,344
3617MCPA9,BS2217,G2SF,Feb-20,12,3.0,3.375,7,353
3617MPX52,BT1600,G2SF,Mar-20,25,3.0,3.404,7,352
3617MDBC8,BS2735,G2SF,Feb-20,10,3.0,3.415,7,346
3617MTJA9,BT4757,G2SF,Mar-20,10,3.0,3.424,7,349
3617MFDE7,BS4601,G2SF,Feb-20,10,3.0,3.428,7,353
3617MEFE8,BS3765,G2SF,Feb-20,35,3.0,3.432,7,353
3617MDBD6,BS2736,G2SF,Feb-20,11,3.0,3.438,7,348
3617MTJD3,BT4760,G2SF,Mar-20,11,3.0,3.442,7,350
3617MTJE1,BT4761,G2SF,Mar-20,9,3.0,3.444,7,353
3617MTJB7,BT4758,G2SF,Mar-20,15,3.0,3.453,7,349
3617MPXT0,BT1590,G2SF,Mar-20,10,3.0,3.454,7,352
3617MN3B7,BT0794,G2SF,Mar-20,20,3.0,3.465,7,353
3617MFQ94,BS4980,G2SF,Feb-20,51,3.0,3.467,7,351
3617MFQ60,BS4977,G2SF,Feb-20,11,3.0,3.467,7,351
3617MN2A0,BT0769,G2SF,Mar-20,10,3.0,3.469,7,352
3617N2R59,BU1408,G2SF,Mar-20,10,3.0,3.475,7,353
3617MC6Y8,BS2687,G2SF,Feb-20,10,3.0,3.464,7,353
36179VFP0,MA6474,G2SF,Feb-20,"22,081",3.0,3.479,7,349
3617MC7G6,BS2695,G2SF,Feb-20,10,3.0,3.479,7,353
3617MN2D4,BT0772,G2SF,Mar-20,30,3.0,3.482,7,351
3617MFRA0,BS4981,G2SF,Feb-20,61,3.0,3.483,7,351
3617MFRB8,BS4982,G2SF,Feb-20,26,3.0,3.483,7,349
3617N2R67,BU1409,G2SF,Mar-20,16,3.0,3.483,7,351
36179VHS2,MA6541,G2SF,Mar-20,"20,089",3.0,3.485,7,350
3617MDBJ3,BS2741,G2SF,Feb-20,26,3.0,3.485,7,349
3617MN2C6,BT0771,G2SF,Mar-20,20,3.0,3.485,7,351
36295RGK8,678002,G2SF,Feb-20,8,3.0,3.485,7,341
3617MFQ52,BS4976,G2SF,Feb-20,22,3.0,3.486,7,353
3617MFRC6,BS4983,G2SF,Feb-20,19,3.0,3.484,7,352
3617MN2G7,BT0775,G2SF,Mar-20,9,3.0,3.486,7,352
3617MN2B8,BT0770,G2SF,Mar-20,20,3.0,3.487,7,350
3617MF5Y2,BS5363,G2SF,Feb-20,14,3.0,3.487,7,353
36176WUZ2,778500,G2SF,Feb-20,9,3.0,3.488,7,343
3617JYLU5,BM7539,G2SF,Feb-20,10,3.0,3.490,7,351
3617MDBK0,BS2742,G2SF,Feb-20,18,3.0,3.491,7,350
36180HXA1,AD6073,G2SF,Feb-20,47,3.0,3.492,7,346
3617MFQ78,BS4978,G2SF,Feb-20,14,3.0,3.493,7,351
3617MDBN4,BS2745,G2SF,Feb-20,27,3.0,3.491,7,353
3617MN3A9,BT0793,G2SF,Mar-20,20,3.0,3.494,7,352
36180HW95,AD6072,G2SF,Feb-20,29,3.0,3.500,7,343
36180HXH6,AD6080,G2SF,Feb-20,67,3.0,3.502,7,351
3617MFSG6,BS5019,G2SF,Feb-20,49,3.0,3.502,7,351
3617MQRX6,BT2302,G2SF,Feb-20,9,3.0,3.502,7,345
3617MFRW2,BS5001,G2SF,Feb-20,39,3.0,3.503,7,352
3617MC6G7,BS2671,G2SF,Feb-20,31,3.0,3.504,7,352
3617MFSS0,BS5029,G2SF,Feb-20,25,3.0,3.504,7,351
3617MN3C5,BT0795,G2SF,Mar-20,10,3.0,3.504,7,351
3617MFSP6,BS5026,G2SF,Feb-20,49,3.0,3.506,7,352
3617LNSB1,BQ4114,G2SF,Mar-20,14,3.0,3.508,7,353
3617MFTL4,BS5055,G2SF,Feb-20,10,3.0,3.508,7,350
3617KF7D8,BO0892,G2SF,Apr-20,15,3.0,3.511,7,352
3617MMCW3,BS9985,G2SF,Mar-20,12,3.0,3.513,7,353
3617MFR44,BS5007,G2SF,Feb-20,24,3.0,3.513,7,352
3617MC6C6,BS2667,G2SF,Feb-20,26,3.0,3.515,7,352
3617MN2J1,BT0777,G2SF,Mar-20,10,3.0,3.516,7,353
3617MEFJ7,BS3769,G2SF,Feb-20,40,3.0,3.516,7,334
3617MEJZ7,BS3880,G2SF,Feb-20,14,3.0,3.517,7,337
3617MC6F9,BS2670,G2SF,Feb-20,18,3.0,3.521,7,351
3617MFQ86,BS4979,G2SF,Feb-20,14,3.0,3.519,7,350
3617MFRX0,BS5002,G2SF,Feb-20,30,3.0,3.524,7,352
3617MC6B8,BS2666,G2SF,Feb-20,11,3.0,3.525,7,352
3617MH4J2,BS7125,G2SF,Feb-20,9,3.0,3.536,7,353
3617MFSD3,BS5016,G2SF,Feb-20,52,3.0,3.530,7,351
3617MNZS5,BT0753,G2SF,Feb-20,33,3.0,3.535,7,352
3617MC6E2,BS2669,G2SF,Feb-20,18,3.0,3.536,7,352
3617MN3V3,BT0812,G2SF,Mar-20,289,3.0,3.538,7,352
3617JYLV3,BM7540,G2SF,Feb-20,9,3.0,3.542,7,340
3617MNZZ9,BT0760,G2SF,Mar-20,30,3.0,3.547,7,352
3617MN2H5,BT0776,G2SF,Mar-20,20,3.0,3.548,7,353
3617ML6Y8,BS9887,G2SF,Feb-20,10,3.0,3.552,7,352
3617MEHD8,BS3828,G2SF,Feb-20,25,3.0,3.557,7,335
3617MMB95,BS9964,G2SF,Mar-20,15,3.0,3.557,7,352
3617MN3T8,BT0810,G2SF,Mar-20,40,3.0,3.557,7,352
3617ML7M3,BS9900,G2SF,Feb-20,19,3.0,3.558,7,352
3617ML4E4,BS9821,G2SF,Feb-20,15,3.0,3.559,7,351
3617MTE71,BT4658,G2SF,Feb-20,13,3.0,3.560,7,349
3617MMAK1,BS9910,G2SF,Feb-20,9,3.0,3.564,7,352
3617N2SE9,BU1417,G2SF,Mar-20,102,3.0,3.566,7,352
3617MMAL9,BS9911,G2SF,Feb-20,19,3.0,3.572,7,353
3617MMCA1,BS9965,G2SF,Mar-20,19,3.0,3.575,7,353
3617ML6A0,BS9865,G2SF,Feb-20,10,3.0,3.576,7,351
3617MSDB5,BT3698,G2SF,Mar-20,17,3.0,3.591,7,352
3617ML5M5,BS9852,G2SF,Feb-20,10,3.0,3.594,7,352
3617LYL65,BR2149,G2SF,Feb-20,11,3.0,3.602,7,352
3617MSDC3,BT3699,G2SF,Mar-20,11,3.0,3.603,7,352
3617MG5U8,BS6259,G2SF,Mar-20,19,3.0,3.604,7,353
3617JYLX9,BM7542,G2SF,Mar-20,21,3.0,3.605,7,353
3617JYLT8,BM7538,G2SF,Feb-20,34,3.0,3.613,7,352
3617MSDA7,BT3697,G2SF,Mar-20,32,3.0,3.612,7,351
3617LNSD7,BQ4116,G2SF,Mar-20,10,3.0,3.619,7,353
3617MSC91,BT3696,G2SF,Mar-20,29,3.0,3.623,7,351
3617LE6R0,BP8080,G2SF,Mar-20,17,3.0,3.625,7,351
3617LNSE5,BQ4117,G2SF,Mar-20,9,3.0,3.632,7,352
3617MSAU6,BT3619,G2SF,Mar-20,25,3.0,3.636,7,353
3617MSDK5,BT3706,G2SF,Mar-20,8,3.0,3.640,7,353
3617MSDF6,BT3702,G2SF,Mar-20,16,3.0,3.652,7,353
